<?xml version="1.0" encoding="UTF-8"?>
<users>
    <user>
        <name>Achintha</name>
        <email>achintha@javainstitute.edu.lk</email>
        <address>Colombo</address>
        <contact>0764160872</contact>
        <salary>30000</salary>
    </user>
    <user>
        <name>Chamara</name>
        <email>chamara@javainstitute.edu.lk</email>
        <address>kandy</address>
        <contact>0712355334</contact>
        <salary>75000</salary>
    </user>
    <user>
        <name>Amila</name>
        <email>amila@gmail.com</email>
        <address>Colombo</address>
        <contact>0775544255</contact>
        <salary>75000</salary>
    </user>
</users>

