<?xml version="1.0" encoding="UTF-8"?>
<project-private xmlns="http://www.netbeans.org/ns/project-private/1">
    <editor-bookmarks xmlns="http://www.netbeans.org/ns/editor-bookmarks/2" lastBookmarkId="0"/>
    <open-files xmlns="http://www.netbeans.org/ns/projectui-open-files/2">
        <group>
            <file>file:/C:/Users/donka/Documents/NetBeansProjects/WCDII/src/java/message_en.properties</file>
            <file>file:/C:/Users/donka/Documents/NetBeansProjects/WCDII/src/java/com/jiat/webapp/User.java</file>
            <file>file:/C:/Users/donka/Documents/NetBeansProjects/WCDII/web/WEB-INF/web.xml</file>
            <file>file:/C:/Users/donka/Documents/NetBeansProjects/WCDII/web/index.jsp</file>
            <file>file:/C:/Users/donka/Documents/NetBeansProjects/WCDII/web/error.jsp</file>
        </group>
    </open-files>
</project-private>
